"ASV_id","High Control","Low Control","Mid Control"
1,3.79,3.21,1.79
2,3.83,NA,2.06
3,4.96,2.68,2.06
4,4.43,1.39,NA
5,2.89,NA,5.17
6,NA,2.89,3.53
7,5.05,3.14,NA
8,5.28,NA,NA
9,1.39,3.16,1.61
10,2.95,4.03,2.56
11,4.65,5.89,3.66
12,3.12,3.93,3.02
13,3.26,NA,3.18
14,4.41,NA,4.38
15,4.42,NA,3.71
16,3.5,NA,NA
17,3.22,4.31,3.58
18,NA,3.01,2.89
19,NA,5.15,NA
20,NA,3.02,NA
21,3.01,1.39,NA
22,2.08,1.39,1.98
23,3.91,4.08,NA
24,2.98,3.02,3.37
25,NA,2.77,NA
26,NA,3.95,4.3
27,3.22,NA,3.43
28,2.64,NA,2.64
29,1.39,2.79,NA
30,3.34,3.15,4.4
31,NA,3.33,4.48
32,NA,3.79,NA
33,NA,2.6,2.42
34,1.1,2.94,1.79
35,1.79,5.76,2.72
36,NA,3.28,3.22
37,3.14,2.03,1.61
38,NA,3.21,NA
39,NA,5.43,5.48
40,NA,4.3,3.18
41,2.4,3.58,NA
42,3.21,NA,NA
44,NA,3.74,NA
45,2.36,2.57,1.57
46,NA,2.53,NA
47,3.09,2.78,2.68
48,3.87,3.45,3.03
49,NA,4.74,5.04
50,1.39,3.55,3.53
51,1.24,2.65,NA
52,1.79,NA,NA
53,5.65,4.73,NA
54,NA,1.95,2.58
55,NA,3.73,NA
56,NA,3.85,NA
57,2.95,NA,NA
58,3.13,5.79,2.33
59,2.11,2.44,2.27
60,3.28,4.65,2.71
61,2.89,2.34,NA
62,2.31,NA,NA
63,2.77,4.17,3.71
64,3.06,NA,3.17
65,3,3.73,3.87
66,4.14,2.8,3.92
67,4,1.97,NA
68,3.09,5.56,3.13
69,2.71,5,3.36
70,NA,4.17,NA
71,2.73,4.04,NA
72,NA,4.8,NA
73,3.03,2.29,2.83
74,1.61,1.79,3.76
75,3.77,NA,NA
76,4.05,3.33,2.56
77,4.22,NA,3.36
78,2.5,4.18,1.33
79,4.42,2.94,NA
80,3.25,4.22,NA
81,3.76,1.1,NA
82,3.41,2.09,NA
84,5.16,3.89,2.2
85,3.65,NA,NA
86,3.55,NA,1.1
87,NA,3.76,NA
88,3.01,4.42,2.35
89,3.33,4.93,NA
90,NA,4.64,NA
91,NA,3.44,2.94
92,4.3,3.84,NA
93,5.31,NA,5.49
94,5.46,NA,NA
95,NA,4.44,NA
96,4.84,NA,NA
97,4.06,5.5,4.49
98,1.79,3.3,NA
99,6.9,4.48,3.64
100,2.75,2.33,1.96
102,2.24,5.35,4.4
103,NA,NA,4.13
104,4.93,4.84,4.8
105,NA,4.41,5.28
106,2.67,2.8,2.44
107,3.04,NA,2.83
108,2.98,3.19,NA
109,4.21,3.21,4.36
110,3.95,NA,4.43
111,3.22,3.39,4.26
112,3.89,2.93,4.32
113,NA,NA,3.16
114,1.61,4.44,NA
115,5.27,1.55,2.85
116,4.45,3.97,NA
117,3.34,NA,3.4
118,NA,3.05,NA
119,2.08,1.87,3.73
120,1.44,2.43,1.78
121,2.2,3,1.1
122,NA,3.25,5.08
123,6.07,2.57,2.33
124,2.2,3.07,NA
125,3.04,2.72,2.01
126,NA,1.39,1.39
127,5.44,NA,4.57
128,NA,4.43,2.83
129,3.76,4.26,NA
130,NA,1.59,NA
131,2.54,2.54,1.52
132,3.23,4.61,3.69
133,2.79,3.15,3.43
134,3.45,NA,NA
135,4.03,NA,1.39
137,NA,3.52,NA
138,NA,4.98,NA
139,3.04,3.5,2.37
140,3.34,2.55,3.59
141,1.69,2.2,2.21
142,3.28,2.91,2.56
143,3.82,4.65,3.42
144,NA,4.2,2.64
145,3.7,NA,3.04
146,NA,3.42,3.05
148,3.08,NA,2.4
149,4.01,2.71,3
150,3.98,NA,NA
151,3,3.81,3.04
152,NA,NA,3.09
153,3.82,3.83,2.88
154,5.09,6.38,4.75
155,3.9,1.39,NA
156,1.84,2.85,NA
157,1.39,4.45,1.39
158,2.05,2.63,2.36
159,NA,4.22,NA
160,4.59,6.15,4.46
161,2.14,3.71,2.66
162,2.85,3.51,3.23
163,NA,4.15,4.04
164,NA,2.32,3.45
165,5.14,NA,NA
166,NA,3.1,3.01
167,2.83,3.46,3.42
168,NA,1.43,NA
169,NA,3.42,NA
170,NA,5.1,NA
171,NA,3.7,3.66
172,4.13,2.94,2.88
173,NA,5.17,NA
174,2.33,4.21,NA
175,2.71,4.95,4.94
176,4.51,5.74,3.7
177,4.25,3.85,NA
178,NA,4.77,1.95
179,NA,4.05,NA
180,NA,3.13,3.22
181,3.9,3.73,2.68
183,4.09,3.06,6.63
184,4.89,NA,NA
185,1.39,2.57,NA
186,NA,2.2,NA
187,2.51,3.35,NA
188,2.89,NA,NA
190,NA,3.26,3.47
191,NA,2.59,2.39
192,2.95,3.58,2.62
193,4,NA,NA
194,NA,4.18,3.58
195,3.15,4.62,3.84
196,2.76,3.26,2.63
197,2.68,NA,NA
198,4.32,5.51,4.48
199,3.46,2.47,2.66
200,NA,4,NA
201,5.09,3.98,4.32
202,5.09,4.61,4.45
203,4.58,NA,4.7
204,4.77,5.03,5
205,NA,6.36,8.42
206,NA,NA,3.14
207,3.4,5.16,2.35
208,4.25,NA,NA
209,4.96,NA,2.3
210,5.87,5.28,4.36
211,6.73,4.19,4.55
212,5.26,NA,NA
213,3.48,NA,NA
214,3.34,NA,4.38
215,3.13,4.52,3.3
216,NA,3.68,NA
217,3,2.3,1.61
219,2.88,2.3,1.95
220,NA,4.35,NA
221,3.04,NA,2.59
222,6.83,5.59,4.08
223,NA,4.4,NA
224,2.92,5.1,7.08
225,3.14,NA,NA
226,NA,2.59,NA
227,2.95,NA,1.59
228,2.17,NA,2.32
229,2.2,3.32,4.2
230,4.35,4.1,5.32
231,3.4,3.97,2.83
232,2.22,4.06,3.5
233,NA,1.59,1.1
234,4.53,2.44,1.61
235,4.14,NA,2.77
237,2.57,3.88,3.45
238,NA,5.61,3.61
239,3.64,NA,NA
240,NA,NA,2.4
241,3,3.66,3.74
243,NA,2.4,3.93
244,5.15,NA,2.82
245,4.74,5.24,NA
246,6.51,1.76,3.67
247,4.32,4.31,1.1
248,3.5,4.76,2.85
249,NA,2.77,NA
250,NA,3.14,NA
251,NA,2.54,3.26
252,2.55,0.69,1.61
254,2.6,3.78,2.9
255,3.65,3.37,3.29
257,NA,2.89,NA
258,NA,7.46,NA
259,3.08,1.94,2.86
260,3.65,6.14,4.37
261,NA,3.42,NA
262,NA,2.97,NA
263,4.31,2.48,2.48
264,3.86,3.22,NA
265,NA,3.09,NA
266,1.52,3.01,3.18
267,2.68,1.39,2.44
268,NA,4.58,NA
269,NA,NA,4.84
270,1.1,2.77,NA
271,2.3,2.78,NA
272,NA,3.35,NA
273,NA,3.19,2.2
274,3.11,2.2,2.24
275,NA,2.93,NA
276,2.89,3.04,NA
277,2.67,1.39,2.21
278,4.82,NA,NA
279,2.91,2.19,NA
280,NA,NA,3.74
281,4.98,NA,3.73
282,NA,4.59,NA
283,NA,3.31,3.24
284,2.64,2.47,2.3
285,3.68,3.5,NA
286,4.85,2.68,3.76
287,4.5,2.99,2.53
288,3.06,3.3,2.88
289,2.61,4.42,2.84
290,3.74,3.06,4.6
291,NA,NA,1.1
292,2.79,5.05,3.07
293,2.13,3.99,4.98
294,NA,NA,4.63
295,NA,2.49,NA
296,3.01,3.77,3.55
297,2.1,1.92,2.92
298,4.76,4.39,4.21
299,3.55,4.3,3.35
300,NA,2.48,3.06
301,NA,3.27,NA
302,3.33,4.82,2.49
303,NA,3.67,4.04
304,3.56,2.73,4.57
305,5.04,NA,NA
306,3.32,4.03,3.82
307,NA,3.67,NA
308,3.61,5.16,NA
309,NA,NA,4.57
310,NA,3.14,NA
311,3.2,3.66,3.86
312,NA,4.66,2.48
313,3.83,2.71,1.79
314,NA,2.71,NA
315,3.19,2.96,2.78
316,2.29,2.45,2.62
317,5.15,NA,NA
318,4.44,2.51,NA
319,3.55,2.37,2.42
320,2.92,3.82,NA
321,4.53,5.11,6.57
322,4.51,5.82,3.51
323,NA,3.09,NA
324,6.27,4.98,3.95
325,4.95,NA,2.32
326,2.76,3.39,3.19
327,2.73,1.95,2.95
328,5.48,5.74,4.48
329,3.61,3.93,2.48
330,NA,3.88,NA
331,NA,4.66,NA
332,3.22,NA,3.61
333,NA,2.63,2.87
334,4.86,4.67,4.82
335,NA,4.92,NA
336,5.11,4.06,5.56
337,3.28,3.47,NA
338,3.14,3.48,3.75
339,3.65,3.43,4.86
340,NA,2.93,NA
341,2.43,3.69,3.17
342,NA,5.09,NA
343,2.47,3.7,3.61
345,NA,5.64,6.45
346,4.21,4.55,3.69
347,3.35,NA,NA
349,4.04,4,4.06
350,5.08,5.37,4
351,4.73,3.43,NA
352,5.14,4.47,4.59
353,5.16,5.79,4.49
354,6.85,4.24,NA
355,6.66,5.17,5.46
356,4.01,3.16,2.71
357,NA,NA,2.56
358,NA,NA,5.21
359,4.02,NA,3
360,4.69,NA,6.18
361,7.25,5.54,6.57
362,NA,NA,5.12
363,4.06,3.14,3.11
364,3.73,4.63,NA
365,4.06,4.08,2.64
366,4.13,1.78,NA
367,NA,NA,3.38
368,NA,2.86,NA
369,NA,4.18,NA
370,3.82,NA,3.58
371,2.94,3.55,3.55
372,NA,2.36,NA
373,2.54,3.14,2.87
374,2.69,2.65,2.54
375,NA,2.73,1.66
376,3.16,3.97,2.31
377,5.08,2.8,3.28
378,2.5,2.08,2.69
379,2.56,2.6,3.03
380,NA,4.09,2.33
381,2.72,2.7,1.95
382,4.83,NA,NA
383,6.94,7.02,5.69
384,4.85,NA,3.45
385,5.69,2.89,3.41
386,4.68,5.76,4.06
387,4.31,5.67,5.27
388,4.37,4.01,NA
389,6.15,7.01,6.44
390,NA,3.54,3.35
391,NA,4.25,NA
392,NA,3.45,NA
393,NA,5.55,2.48
394,2.96,3.73,2.71
395,NA,3.27,4.47
396,2.82,3.69,3.14
397,3.71,0.69,2.58
398,4.3,3.83,NA
399,2.83,NA,2.43
400,NA,1.73,NA
401,2.48,2.77,2.62
402,NA,4.3,NA
403,NA,3.36,1.24
404,2.56,NA,2.47
405,4.55,4.04,2.45
406,3.74,NA,3.41
407,NA,3.96,NA
408,NA,NA,3.89
409,1.9,NA,3.2
410,NA,2.89,4.51
411,4.14,4.07,4.4
412,NA,5.13,NA
413,3.62,4.69,3.47
414,NA,4.51,3.84
415,3.49,NA,2.81
416,5.76,4.87,4.38
417,5.47,3.68,4.34
418,1.79,NA,2.56
419,5.15,4.26,5.81
420,2.64,5.84,4.47
421,NA,4.8,NA
423,NA,3.31,3.83
424,3.22,2.3,NA
425,NA,4.43,NA
426,1.99,2.81,2.23
427,2.83,4.16,3.2
428,1.84,3.31,NA
429,1.61,3.51,2.52
430,NA,6.34,NA
431,NA,2.85,NA
432,NA,2.25,4.3
433,NA,4.87,NA
434,NA,2.08,NA
435,2.89,2.54,NA
436,2.24,3.54,NA
437,NA,4.07,NA
438,4.52,5.27,4.67
439,3.68,NA,NA
440,NA,2.96,2.77
441,2.98,4.02,NA
442,1.7,NA,2.86
443,3.82,1.78,NA
444,NA,3.01,4.84
445,4.6,NA,4.02
446,5.17,3.91,5.1
447,3.79,4.61,NA
448,NA,5.12,NA
449,4.69,NA,NA
450,5.5,NA,4.23
451,5.69,3.04,4.32
452,5.54,1.79,NA
453,6.69,4.58,2.6
454,5.46,NA,3.99
455,6.15,NA,3.91
456,NA,5.6,NA
457,6.12,4.73,NA
458,4.48,NA,6.3
459,5.84,4.67,NA
460,5.99,4.28,6.31
461,3.43,NA,NA
462,NA,NA,2.48
463,3.26,7.31,4.32
464,6.17,NA,NA
465,NA,7.04,3.85
466,5.47,5.69,NA
467,3.78,NA,3.09
468,7.07,NA,8.19
469,5.34,3.78,NA
470,5.36,3.45,2.71
471,4.79,NA,NA
472,3.66,NA,6.5
473,2.89,3.32,1.1
474,4.31,4.17,3.6
475,2.94,NA,2.4
476,NA,3.3,2.98
477,NA,2.93,3.9
478,NA,5.17,3.04
479,1.61,3.3,2.01
480,NA,3.17,NA
481,4.45,3.71,3.87
482,2.34,1.61,NA
483,NA,1.78,NA
484,2.92,3.43,4.14
485,2.61,3.87,3.3
486,3.81,3.47,3.12
487,NA,1.39,7.25
488,2.08,3.37,2.09
489,3.54,3.53,4.5
490,NA,3.37,NA
491,1.61,3.37,3.03
492,NA,4.33,NA
493,3.76,4.57,4.02
494,4.82,3.65,4.14
495,2.87,2.66,3.91
496,2.4,2.45,2.05
497,NA,3.84,NA
498,3.41,NA,4.11
499,3.17,2.4,2.76
500,2.56,3.75,2.73
501,NA,2.08,1.95
502,NA,2.37,NA
503,NA,3.69,NA
504,NA,5.12,NA
505,2.72,3.17,NA
506,NA,NA,3.58
507,NA,NA,3.3
508,5.65,4.06,4.79
509,4.08,NA,3.61
511,NA,2.48,NA
512,3.21,NA,NA
513,NA,3.47,2.2
514,NA,4.14,NA
515,2.93,NA,NA
516,4.39,NA,NA
518,1.39,NA,3.53
519,2.26,3,2.64
520,2.2,0.69,2.4
521,2.7,3.86,3.82
522,NA,3.64,NA
523,4.24,NA,NA
524,3.96,NA,2.48
525,4.23,3.3,2.71
526,2.69,4.75,3.07
527,1.58,4.58,4.09
528,2.83,4.46,3.31
529,NA,3.32,NA
530,2.96,2.55,2.95
531,3.82,NA,4.54
532,4.14,NA,NA
533,4.23,3.98,4.5
534,5.72,6.05,5.67
535,NA,4.24,NA
536,6.25,6.47,6.16
537,NA,NA,4.91
538,1.61,1.95,3.47
539,6.09,6.05,5.69
540,NA,4.65,NA
541,4.84,5.3,4.74
542,1.7,NA,2.71
543,NA,3.65,1.39
544,NA,3.78,NA
545,NA,NA,2.08
546,NA,3.58,NA
547,4.08,NA,2.7
548,2.83,2.87,1.39
549,1.99,2.19,2.25
550,2.22,2.23,NA
552,NA,4.47,NA
553,4.43,4.99,4.82
554,4.09,5.37,3.93
555,NA,4.65,NA
556,2.48,4.82,5.79
557,5.61,3.48,2.71
558,3.37,3.72,3.53
559,NA,4.22,2.14
560,3.89,3.05,2.21
561,4,3.04,NA
562,3.2,2.59,3.18
563,3.02,3.15,NA
564,3.69,NA,2.48
565,1.61,3.48,3.33
566,4.43,1.79,NA
567,NA,4.4,3.58
568,2.78,4.57,3.41
569,3.27,NA,NA
570,5.67,5.77,3.27
571,7.5,4.43,4.84
572,5.45,NA,4.98
573,4.69,NA,NA
574,5.22,NA,NA
575,3.44,NA,NA
576,4.38,4.37,NA
577,2.64,0.69,NA
578,NA,NA,3.3
579,6.24,4.4,4.24
580,8.31,NA,NA
581,4.45,NA,1.61
582,4.51,NA,NA
583,3.24,2.89,3.47
584,5.12,NA,NA
585,4.59,2.14,NA
586,3.13,3.09,3.33
587,4.79,3.87,NA
588,3.5,3.43,2.57
590,NA,3.27,NA
591,NA,3.83,NA
592,NA,2.31,NA
593,3.97,NA,NA
594,1.5,3.07,NA
595,NA,5.34,NA
596,NA,2.21,NA
597,2.47,1.39,2.48
598,NA,4.02,NA
599,NA,4.62,NA
600,NA,NA,1.84
601,NA,4.52,NA
602,NA,2.76,NA
603,1.15,4.14,3.03
604,2.88,2.05,2.33
605,3.1,2.07,2.85
606,2.8,2.64,3.22
607,NA,4.44,3.17
608,NA,4.03,1.39
609,4.11,3.61,2.83
610,NA,3.53,NA
611,NA,3.76,NA
612,4.29,NA,NA
613,4.9,NA,NA
614,4.33,3.81,NA
615,NA,3.67,NA
616,NA,3.85,NA
617,5.95,3.4,5.66
618,4.42,4.74,2.64
619,3.18,NA,NA
620,4.04,3.91,5.61
621,3.77,4.06,2.71
623,2.84,NA,3.19
624,5.09,4.65,NA
625,2.71,NA,3.32
626,1.63,3.12,2.48
627,NA,3.94,NA
628,NA,3.79,2.6
629,NA,3.74,3.15
630,NA,3,3.27
631,9.48,2.31,NA
632,NA,3.38,NA
633,4.51,NA,NA
634,2.83,NA,4.92
635,NA,3.76,4.4
636,3.21,NA,1.39
637,3.97,NA,NA
638,2.56,3.79,NA
639,NA,4.21,1.61
640,3.25,NA,1.39
641,3.97,NA,2.75
642,2.99,3,3.91
644,NA,6.49,NA
645,3.92,4.46,2.71
646,NA,3.86,1.1
647,NA,2.98,1.95
648,NA,3.5,NA
649,2.3,1.7,1.55
650,3.36,3.55,3.38
651,4.94,5.78,4.38
652,2.89,3.1,3.65
653,NA,2.59,1.45
654,2.83,3.66,2.45
655,1.59,5.69,4.14
656,2.73,3.77,2.58
657,2.33,4.71,2.85
658,3.33,2.2,3.87
659,4.02,2.08,3.85
660,3.99,3.64,5.43
661,3.74,4.01,2.89
662,5.13,5.72,NA
663,NA,NA,4.52
664,4.26,3.71,4.06
665,5.85,5.72,4.55
666,4.7,3.91,4.04
667,NA,3.81,NA
668,NA,NA,2.71
669,3.69,3.09,3.4
670,NA,6.28,4.3
671,5.72,6.64,6.13
672,3.69,3.72,NA
674,NA,1.9,NA
675,1.95,3.58,2.69
676,2.08,4.87,2.12
677,2.56,3.82,3.45
678,4.77,5.11,4.93
679,3.22,NA,3.82
681,NA,5.91,4.03
682,1.79,3.1,3.17
683,NA,4.94,NA
684,2.77,3.58,2.83
685,2.17,NA,1.61
686,NA,3.78,NA
687,4.01,4.75,NA
688,3.5,4.88,2.83
689,3.18,4.86,3.52
690,NA,3.07,3.89
691,5.74,NA,NA
692,5.67,NA,NA
693,NA,2.72,NA
