"species","score.x","label.x","Time.x","Treatment.x","Response.x","X.x","community.x","score.y","label.y","Time.y","Treatment.y","Response.y","X.y","community.y"
"Poa reflexa","Species","Poa reflexa",NA,NA,-1.56839442168954,1,"warmed_plants_gradient","Species","Poa reflexa",NA,NA,-1.59814076612356,1,"cooled_plants_gradient"
"Helianthella quinquenervis","Species","Helianthella quinquenervis",NA,NA,-1.00332798038424,1,"warmed_plants_gradient","Species","Helianthella quinquenervis",NA,NA,-1.29018665343896,1,"cooled_plants_gradient"
"Ligusticum porteri","Species","Ligusticum porteri",NA,NA,-0.999988393989635,1,"warmed_plants_gradient","Species","Ligusticum porteri",NA,NA,-1.16387669262209,1,"cooled_plants_gradient"
"Fragaria virginiana","Species","Fragaria virginiana",NA,NA,-0.982997802512993,1,"warmed_plants_gradient","Species","Fragaria virginiana",NA,NA,-1.00123420414044,1,"cooled_plants_gradient"
"Noccaea fendleri","Species","Noccaea fendleri",NA,NA,-0.828794843802934,1,"warmed_plants_gradient","Species","Noccaea fendleri",NA,NA,-0.812067758272646,1,"cooled_plants_gradient"
"Frasera speciosa","Species","Frasera speciosa",NA,NA,-0.822291371340618,1,"warmed_plants_gradient","Species","Frasera speciosa",NA,NA,-0.847651823571441,1,"cooled_plants_gradient"
"Heterotheca pumila","Species","Heterotheca pumila",NA,NA,-0.78195106140136,1,"warmed_plants_gradient","Species","Heterotheca pumila",NA,NA,-0.711384419124159,1,"cooled_plants_gradient"
"Lupinus sp.","Species","Lupinus sp.",NA,NA,-0.769009606560523,1,"warmed_plants_gradient","Species","Lupinus sp.",NA,NA,-0.806278326083898,1,"cooled_plants_gradient"
"Rhodiola integrifolia","Species","Rhodiola integrifolia",NA,NA,-0.706453954036388,1,"warmed_plants_gradient","Species","Rhodiola integrifolia",NA,NA,-0.801150051143786,1,"cooled_plants_gradient"
"Elymus bakeri","Species","Elymus bakeri",NA,NA,-0.679451175994772,1,"warmed_plants_gradient","Species","Elymus bakeri",NA,NA,-0.789092625671061,1,"cooled_plants_gradient"
"Geranium richardsonii","Species","Geranium richardsonii",NA,NA,-0.664377236562613,1,"warmed_plants_gradient","Species","Geranium richardsonii",NA,NA,-0.723891219135583,1,"cooled_plants_gradient"
"Epilobium sp.","Species","Epilobium sp.",NA,NA,-0.639540178571234,1,"warmed_plants_gradient","Species","Epilobium sp.",NA,NA,-0.488361159169957,1,"cooled_plants_gradient"
"Senecio crassulus","Species","Senecio crassulus",NA,NA,-0.554963214491778,1,"warmed_plants_gradient","Species","Senecio crassulus",NA,NA,-0.827242477550715,1,"cooled_plants_gradient"
"Hymenoxys hoopesii","Species","Hymenoxys hoopesii",NA,NA,-0.542096786683866,1,"warmed_plants_gradient","Species","Hymenoxys hoopesii",NA,NA,-0.289401086593362,1,"cooled_plants_gradient"
"Symphyotrichum ascendens","Species","Symphyotrichum ascendens",NA,NA,-0.535953105654018,1,"warmed_plants_gradient","Species","Symphyotrichum ascendens",NA,NA,-0.562677605917987,1,"cooled_plants_gradient"
"Castilleja sulphurea","Species","Castilleja sulphurea",NA,NA,-0.513235129970526,1,"warmed_plants_gradient","Species","Castilleja sulphurea",NA,NA,-0.573530456677616,1,"cooled_plants_gradient"
"Aquilegia caerulea","Species","Aquilegia caerulea",NA,NA,-0.483669863092588,1,"warmed_plants_gradient","Species","Aquilegia caerulea",NA,NA,-0.552025024457886,1,"cooled_plants_gradient"
"Erythronium grandiflorum","Species","Erythronium grandiflorum",NA,NA,-0.44603582720232,1,"warmed_plants_gradient","Species","Erythronium grandiflorum",NA,NA,-0.0318099245558216,1,"cooled_plants_gradient"
"Androsace septentrionalis","Species","Androsace septentrionalis",NA,NA,-0.415846504349784,1,"warmed_plants_gradient","Species","Androsace septentrionalis",NA,NA,-0.401191618614439,1,"cooled_plants_gradient"
"Valeriana edulis","Species","Valeriana edulis",NA,NA,-0.414328445423737,1,"warmed_plants_gradient","Species","Valeriana edulis",NA,NA,-0.50876885280163,1,"cooled_plants_gradient"
"Ranunculus inamoenus","Species","Ranunculus inamoenus",NA,NA,-0.360118912875359,1,"warmed_plants_gradient","Species","Ranunculus inamoenus",NA,NA,-0.354138285951324,1,"cooled_plants_gradient"
"Unknown round leaves","Species","Unknown round leaves",NA,NA,-0.323747682830868,1,"warmed_plants_gradient","Species","Unknown round leaves",NA,NA,-0.369981671762472,1,"cooled_plants_gradient"
"Erigeron coulteri","Species","Erigeron coulteri",NA,NA,-0.303901279999852,1,"warmed_plants_gradient","Species","Erigeron coulteri",NA,NA,-0.350382622076546,1,"cooled_plants_gradient"
"Gentiana parryi","Species","Gentiana parryi",NA,NA,-0.292549695370757,1,"warmed_plants_gradient",NA,NA,NA,NA,NA,NA,NA
"Agoseris sp.","Species","Agoseris sp.",NA,NA,-0.175620893218407,1,"warmed_plants_gradient","Species","Agoseris sp.",NA,NA,-0.111087420225069,1,"cooled_plants_gradient"
"Chamaenerion angustifolium","Species","Chamaenerion angustifolium",NA,NA,-0.157513979304979,1,"warmed_plants_gradient","Species","Chamaenerion angustifolium",NA,NA,-0.215432786898772,1,"cooled_plants_gradient"
"Erigeron sp.","Species","Erigeron sp.",NA,NA,-0.137518895188768,1,"warmed_plants_gradient","Species","Erigeron sp.",NA,NA,-0.1238941275746,1,"cooled_plants_gradient"
"Gentianella campestris","Species","Gentianella campestris",NA,NA,-0.135938571876119,1,"warmed_plants_gradient","Species","Gentianella campestris",NA,NA,-0.196186295242187,1,"cooled_plants_gradient"
"Festuca rubra","Species","Festuca rubra",NA,NA,-0.0919426133016529,1,"warmed_plants_gradient","Species","Festuca rubra",NA,NA,-0.670247291028996,1,"cooled_plants_gradient"
"Hydrophyllum capitatum","Species","Hydrophyllum capitatum",NA,NA,-0.071636156354891,1,"warmed_plants_gradient","Species","Hydrophyllum capitatum",NA,NA,-0.0186093404360486,1,"cooled_plants_gradient"
"Osmorhiza occidentalis","Species","Osmorhiza occidentalis",NA,NA,-0.0618612989162767,1,"warmed_plants_gradient","Species","Osmorhiza occidentalis",NA,NA,-0.14291069499952,1,"cooled_plants_gradient"
"Agoseris glauca","Species","Agoseris glauca",NA,NA,-0.0364221725642998,1,"warmed_plants_gradient","Species","Agoseris glauca",NA,NA,-0.229113118915286,1,"cooled_plants_gradient"
"Polygonum douglasii","Species","Polygonum douglasii",NA,NA,0.00514524710726285,1,"warmed_plants_gradient","Species","Polygonum douglasii",NA,NA,0.444892397469176,1,"cooled_plants_gradient"
"Veratrum californicum","Species","Veratrum californicum",NA,NA,0.0585312101901583,1,"warmed_plants_gradient",NA,NA,NA,NA,NA,NA,NA
"Erigeron elatior","Species","Erigeron elatior",NA,NA,0.118290675330403,1,"warmed_plants_gradient","Species","Erigeron elatior",NA,NA,-0.106686986958481,1,"cooled_plants_gradient"
"Heliomeris multiflora","Species","Heliomeris multiflora",NA,NA,0.155137777368802,1,"warmed_plants_gradient","Species","Heliomeris multiflora",NA,NA,-0.0350647601306658,1,"cooled_plants_gradient"
"Thalictrum fendleri","Species","Thalictrum fendleri",NA,NA,0.16541207035874,1,"warmed_plants_gradient","Species","Thalictrum fendleri",NA,NA,-0.147734610513747,1,"cooled_plants_gradient"
"Boechera stricta","Species","Boechera stricta",NA,NA,0.166972824483083,1,"warmed_plants_gradient","Species","Boechera stricta",NA,NA,0.00432672123039504,1,"cooled_plants_gradient"
"Campanula rotundifolia","Species","Campanula rotundifolia",NA,NA,0.192512384260283,1,"warmed_plants_gradient","Species","Campanula rotundifolia",NA,NA,0.139811001991775,1,"cooled_plants_gradient"
"Claytonia lanceolata","Species","Claytonia lanceolata",NA,NA,0.223610824056,1,"warmed_plants_gradient","Species","Claytonia lanceolata",NA,NA,0.225699565583271,1,"cooled_plants_gradient"
"Linum lewisii","Species","Linum lewisii",NA,NA,0.264881040486382,1,"warmed_plants_gradient","Species","Linum lewisii",NA,NA,0.171859695936577,1,"cooled_plants_gradient"
"Galium coloradoense","Species","Galium coloradoense",NA,NA,0.277142852545265,1,"warmed_plants_gradient","Species","Galium coloradoense",NA,NA,0.225699565583271,1,"cooled_plants_gradient"
"Lithophragma glabrum","Species","Lithophragma glabrum",NA,NA,0.287886871471739,1,"warmed_plants_gradient","Species","Lithophragma glabrum",NA,NA,0.225699565583271,1,"cooled_plants_gradient"
"Bromus carinatus","Species","Bromus carinatus",NA,NA,0.290963259274755,1,"warmed_plants_gradient","Species","Bromus carinatus",NA,NA,0.223140486736163,1,"cooled_plants_gradient"
"Draba albertina","Species","Draba albertina",NA,NA,0.291776493242176,1,"warmed_plants_gradient","Species","Draba albertina",NA,NA,0.20980909411213,1,"cooled_plants_gradient"
"Erigeron speciosus","Species","Erigeron speciosus",NA,NA,0.296701738539168,1,"warmed_plants_gradient","Species","Erigeron speciosus",NA,NA,0.171506153525606,1,"cooled_plants_gradient"
"Aphyllon fasciculatum","Species","Aphyllon fasciculatum",NA,NA,0.381115423728452,1,"warmed_plants_gradient","Species","Aphyllon fasciculatum",NA,NA,0.294736578400326,1,"cooled_plants_gradient"
"Elymus repens","Species","Elymus repens",NA,NA,0.412031154174537,1,"warmed_plants_gradient","Species","Elymus repens",NA,NA,0.180021545086197,1,"cooled_plants_gradient"
"Atriplex argentea","Species","Atriplex argentea",NA,NA,0.458374942587051,1,"warmed_plants_gradient","Species","Atriplex argentea",NA,NA,0.492799858469308,1,"cooled_plants_gradient"
"Festuca thurberi","Species","Festuca thurberi",NA,NA,0.479865814568426,1,"warmed_plants_gradient","Species","Festuca thurberi",NA,NA,0.478802068809687,1,"cooled_plants_gradient"
"Artemisia tridentata","Species","Artemisia tridentata",NA,NA,0.493888813325708,1,"warmed_plants_gradient","Species","Artemisia tridentata",NA,NA,0.453306839577672,1,"cooled_plants_gradient"
"Galium bifolium","Species","Galium bifolium",NA,NA,0.514685130012007,1,"warmed_plants_gradient","Species","Galium bifolium",NA,NA,0.583273482145177,1,"cooled_plants_gradient"
"Tragopogon dubius","Species","Tragopogon dubius",NA,NA,0.546053749441834,1,"warmed_plants_gradient","Species","Tragopogon dubius",NA,NA,0.682024117363518,1,"cooled_plants_gradient"
"Collomia linearis","Species","Collomia linearis",NA,NA,0.549412839139136,1,"warmed_plants_gradient","Species","Collomia linearis",NA,NA,0.690110015349956,1,"cooled_plants_gradient"
"Senecio integerrimus","Species","Senecio integerrimus",NA,NA,0.66458157590092,1,"warmed_plants_gradient","Species","Senecio integerrimus",NA,NA,0.600911264003844,1,"cooled_plants_gradient"
"Vicia americana","Species","Vicia americana",NA,NA,0.778952442448485,1,"warmed_plants_gradient","Species","Vicia americana",NA,NA,0.455044697837157,1,"cooled_plants_gradient"
"Draba spectabilis","Species","Draba spectabilis",NA,NA,0.92718008563328,1,"warmed_plants_gradient","Species","Draba spectabilis",NA,NA,0.947276282091525,1,"cooled_plants_gradient"
"Mertensia fusiformis","Species","Mertensia fusiformis",NA,NA,0.946190186619662,1,"warmed_plants_gradient","Species","Mertensia fusiformis",NA,NA,1.01579400888347,1,"cooled_plants_gradient"
"Agoseris aurantiaca","Species","Agoseris aurantiaca",NA,NA,0.960703868215741,1,"warmed_plants_gradient","Species","Agoseris aurantiaca",NA,NA,1.03236424843394,1,"cooled_plants_gradient"
"Taraxacum officinale","Species","Taraxacum officinale",NA,NA,0.98054145228164,1,"warmed_plants_gradient","Species","Taraxacum officinale",NA,NA,0.962973437651017,1,"cooled_plants_gradient"
"Carex sp.","Species","Carex sp.",NA,NA,1.03495515200646,1,"warmed_plants_gradient","Species","Carex sp.",NA,NA,0.75811585480724,1,"cooled_plants_gradient"
"Melica spectabilis","Species","Melica spectabilis",NA,NA,1.09396484006818,1,"warmed_plants_gradient","Species","Melica spectabilis",NA,NA,0.981479425735165,1,"cooled_plants_gradient"
"Valeriana occidentalis","Species","Valeriana occidentalis",NA,NA,1.23429292997088,1,"warmed_plants_gradient","Species","Valeriana occidentalis",NA,NA,1.19349118823426,1,"cooled_plants_gradient"
"Delphinium nuttallianum","Species","Delphinium nuttallianum",NA,NA,1.28537740792273,1,"warmed_plants_gradient","Species","Delphinium nuttallianum",NA,NA,1.28371716552915,1,"cooled_plants_gradient"
"Viola nuttallii","Species","Viola nuttallii",NA,NA,1.36785684236331,1,"warmed_plants_gradient","Species","Viola nuttallii",NA,NA,1.23319528224545,1,"cooled_plants_gradient"
"Lathyrus lanszwertii","Species","Lathyrus lanszwertii",NA,NA,1.39776209266904,1,"warmed_plants_gradient","Species","Lathyrus lanszwertii",NA,NA,1.24819300662208,1,"cooled_plants_gradient"
"Potentilla pulcherrima","Species","Potentilla pulcherrima",NA,NA,1.4157861759455,1,"warmed_plants_gradient","Species","Potentilla pulcherrima",NA,NA,1.3086881506491,1,"cooled_plants_gradient"
"Stipa nelsonii","Species","Stipa nelsonii",NA,NA,1.42396805888184,1,"warmed_plants_gradient","Species","Stipa nelsonii",NA,NA,1.33698965177643,1,"cooled_plants_gradient"
"Poa pratensis","Species","Poa pratensis",NA,NA,1.77678720297211,1,"warmed_plants_gradient","Species","Poa pratensis",NA,NA,1.82113131414123,1,"cooled_plants_gradient"
"Achillea millefolium","Species","Achillea millefolium",NA,NA,1.85729966249022,1,"warmed_plants_gradient","Species","Achillea millefolium",NA,NA,1.76914048629241,1,"cooled_plants_gradient"
