"species","family","warmed_plants_gradient","warmed_plants","cooled_plants_gradient","cooled_plants"
"Poa reflexa","Poaceae",-1.56839442168954,-0.256613433073761,1.59814076612356,1.33796035541387
"Helianthella quinquenervis","Asteraceae",-1.00332798038424,-0.694646018642374,1.29018665343896,0.880410739105193
"Ligusticum porteri","Apiaceae",-0.999988393989635,-0.168016774565376,1.16387669262209,1.06273825127677
"Fragaria virginiana","Rosaceae",-0.982997802512993,-0.319628338380289,1.00123420414044,0.661834714296773
"Noccaea fendleri","Brassicaceae",-0.828794843802934,-0.066171275054531,0.812067758272646,0.263246201727774
"Frasera speciosa","Gentianaceae",-0.822291371340618,-0.505619101548483,0.847651823571441,0.95309416538835
"Heterotheca pumila","Asteraceae",-0.78195106140136,-0.394210781231594,0.711384419124159,0.0279198177209769
"Lupinus sp.","Fabaceae",-0.769009606560523,-0.554584824730636,0.806278326083898,0.084827693610653
"Rhodiola integrifolia","Crassulaceae",-0.706453954036388,-0.365268217656572,0.801150051143786,NA
"Elymus bakeri","Poaceae",-0.679451175994772,-0.603291454345077,0.789092625671061,0.791420012592961
"Geranium richardsonii","Geraniaceae",-0.664377236562613,-0.368476691612587,0.723891219135583,NA
"Epilobium sp.","Onagraceae",-0.639540178571234,-0.368919422270676,0.488361159169957,0.445253422048654
"Senecio crassulus","Asteraceae",-0.554963214491778,0.337995016191653,0.827242477550715,1.52709532957032
"Hymenoxys hoopesii","Asteraceae",-0.542096786683866,-0.73008872702194,0.289401086593362,-0.266804393942917
"Symphyotrichum ascendens","Asteraceae",-0.535953105654018,-0.382040690790121,0.562677605917987,NA
"Castilleja sulphurea","Scrophulariaceae",-0.513235129970526,-0.417699908337032,0.573530456677616,-0.214856291298476
"Aquilegia caerulea","Ranunculaceae",-0.483669863092588,-0.114224333599853,0.552025024457886,-0.15846188162274
"Erythronium grandiflorum","Liliaceae",-0.44603582720232,0.457390007609731,0.0318099245558216,0.157648066066353
"Androsace septentrionalis","Primulaceae",-0.415846504349784,-0.135347473356442,0.401191618614439,-0.208887718607154
"Valeriana edulis","Valerianaceae",-0.414328445423737,-0.31274660496064,0.50876885280163,NA
"Ranunculus inamoenus","Ranunculaceae",-0.360118912875359,-0.150557898335091,0.354138285951324,-0.205602586672539
"Unknown round leaves",NA,-0.323747682830868,-0.0674641245043732,0.369981671762472,NA
"Erigeron coulteri","Asteraceae",-0.303901279999852,-0.265354694330731,0.350382622076546,NA
"Gentiana parryi","Gentianaceae",-0.292549695370757,-0.0810038026296529,NA,NA
"Agoseris sp.","Asteraceae",-0.175620893218407,-0.157970613709254,0.111087420225069,0.00167187496286035
"Chamaenerion angustifolium","Onagraceae",-0.157513979304979,-0.115314246716602,0.215432786898772,NA
"Erigeron sp.","Asteraceae",-0.137518895188768,0.0228770702313616,0.1238941275746,-0.168631619119582
"Gentianella campestris","Gentianaceae",-0.135938571876119,-0.0815344351308691,0.196186295242187,NA
"Festuca rubra","Poaceae",-0.0919426133016529,0.742981126705633,0.670247291028996,2.09578731198004
"Hydrophyllum capitatum","Hydrophyllaceae",-0.071636156354891,-0.174263655989806,0.0186093404360486,-0.205707172518085
"Osmorhiza occidentalis","Apiaceae",-0.0618612989162767,NA,0.14291069499952,NA
"Agoseris glauca","Asteraceae",-0.0364221725642998,0.852066982646075,0.229113118915286,0.061156952059993
"Polygonum douglasii","Polygonaceae",0.00514524710726285,0.0845823252042067,-0.444892397469176,0.000932623065962292
"Veratrum californicum","Melanthiaceae",0.0585312101901583,0.570981080779186,NA,NA
"Erigeron elatior","Asteraceae",0.118290675330403,0.730445434890954,0.106686986958481,NA
"Heliomeris multiflora","Asteraceae",0.155137777368802,1.73322055609526,0.0350647601306658,1.20444245848882
"Thalictrum fendleri","Ranunculaceae",0.16541207035874,1.08561767039879,0.147734610513747,0.756679084008819
"Boechera stricta","Brassicaceae",0.166972824483083,0.246074576548354,-0.00432672123039504,-0.00959167281710181
"Campanula rotundifolia","Campanulaceae",0.192512384260283,0.398805834144579,-0.139811001991775,-0.213402308338677
"Claytonia lanceolata","Portulacaceae",0.223610824056,0.402582736792149,-0.225699565583271,-0.168631619119582
"Linum lewisii","Linaceae",0.264881040486382,0.733361561076243,-0.171859695936577,0.537029511446925
"Galium coloradoense","Rubiaceae",0.277142852545265,0.0162795052992192,-0.225699565583271,-0.168631619119582
"Lithophragma glabrum","Saxifragaceae",0.287886871471739,0.45458479184876,-0.225699565583271,-0.168631619119582
"Bromus carinatus","Poaceae",0.290963259274755,0.885609190227862,-0.223140486736163,0.218424898904693
"Draba albertina","Brassicaceae",0.291776493242176,0.149110328682974,-0.20980909411213,-0.146847234075321
"Erigeron speciosus","Asteraceae",0.296701738539168,0.765467300242635,-0.171506153525606,-0.250776392950186
"Aphyllon fasciculatum","Scrophulariaceae",0.381115423728452,NA,-0.294736578400326,-0.220458361967626
"Elymus repens","Poaceae",0.412031154174537,1.16869597126142,-0.180021545086197,-0.340542287592549
"Atriplex argentea","Chenopodiaceae",0.458374942587051,0.616714152938272,-0.492799858469308,-0.260721723542978
"Festuca thurberi","Poaceae",0.479865814568426,NA,-0.478802068809687,-0.292420257404131
"Artemisia tridentata","Asteraceae",0.493888813325708,0.233046136871799,-0.453306839577672,-0.308445954244255
"Galium bifolium","Rubiaceae",0.514685130012007,NA,-0.583273482145177,-0.318241650345488
"Tragopogon dubius","Asteraceae",0.546053749441834,0.434937014486114,-0.682024117363518,-0.445742116618952
"Collomia linearis","Polemoniaceae",0.549412839139136,0.267921363576019,-0.690110015349956,-0.292901102582733
"Senecio integerrimus","Asteraceae",0.66458157590092,0.402582736792149,-0.600911264003844,-0.407069651695446
"Vicia americana","Fabaceae",0.778952442448485,1.00843675768866,-0.455044697837157,0.265582570841243
"Draba spectabilis","Brassicaceae",0.92718008563328,-0.0839546013373192,-0.947276282091525,-0.523767486709104
"Mertensia fusiformis","Boraginaceae",0.946190186619662,1.0903224986802,-1.01579400888347,-0.396601975702939
"Agoseris aurantiaca","Asteraceae",0.960703868215741,0.35402892248428,-1.03236424843394,-0.633394977390733
"Taraxacum officinale","Asteraceae",0.98054145228164,0.722387119249216,-0.962973437651017,-0.653212740039736
"Carex sp.","Cyperaceae",1.03495515200646,0.997270595270214,-0.75811585480724,0.123386155453545
"Melica spectabilis","Poaceae",1.09396484006818,1.15759087474155,-0.981479425735165,-0.664266144739818
"Valeriana occidentalis","Valerianaceae",1.23429292997088,NA,-1.19349118823426,-0.695388716194219
"Delphinium nuttallianum","Ranunculaceae",1.28537740792273,0.8714977516461,-1.28371716552915,-0.761367007101245
"Viola nuttallii","Violaceae",1.36785684236331,1.10502732847537,-1.23319528224545,-0.584453925901698
"Lathyrus lanszwertii","Fabaceae",1.39776209266904,1.07879290642328,-1.24819300662208,-0.361984345839665
"Potentilla pulcherrima","Rosaceae",1.4157861759455,1.4155183489288,-1.3086881506491,-0.327046231788408
"Stipa nelsonii","Poaceae",1.42396805888184,1.03889939231949,-1.33698965177643,-0.901704093261403
"Poa pratensis","Poaceae",1.77678720297211,0.221756916653278,-1.82113131414123,-1.12411178905503
"Achillea millefolium","Asteraceae",1.85729966249022,1.41689500936726,-1.76914048629241,-1.14727983602105
