Plant species,Plant family,High control mean proportional cover (%),Mid control mean proportional cover (%),Low control mean proportional cover (%),Warmed gradient PRC weight,Warmed experiment PRC weight,Cooled gradient PRC weight,Cooled experiment PRC weight
Achillea millefolium,Asteraceae,0.0,0.2,33.3,1.86,1.42,-1.77,-1.15
Poa pratensis,Poaceae,0.0,0.0,41.4,1.78,0.22,-1.82,-1.12
Stipa nelsonii,Poaceae,0.0,0.0,20.7,1.42,1.04,-1.34,-0.90
Potentilla pulcherrima,Rosaceae,5.0,26.7,41.5,1.42,1.42,-1.31,-0.33
Lathyrus lanszwertii,Fabaceae,0.0,11.9,27.4,1.40,1.08,-1.25,-0.36
Viola nuttallii,Violaceae,2.8,10.0,27.1,1.37,1.11,-1.23,-0.58
Delphinium nuttallianum,Ranunculaceae,0.0,0.0,6.3,1.29,0.87,-1.28,-0.76
Valeriana occidentalis,Valerianaceae,0.0,0.0,18.4,1.23,NA,-1.19,-0.70
Melica spectabilis,Poaceae,0.0,3.3,5.1,1.09,1.16,-0.98,-0.66
Carex sp.,Cyperaceae,0.0,1.5,9.3,1.03,1.00,-0.76,0.12
Taraxacum officinale,Asteraceae,0.1,0.9,9.2,0.98,0.72,-0.96,-0.65
Agoseris aurantiaca,Asteraceae,0.0,0.0,4.6,0.96,0.35,-1.03,-0.63
Mertensia fusiformis,Boraginaceae,0.0,0.7,3.9,0.95,1.09,-1.02,-0.40
Draba spectabilis,Brassicaceae,0.0,0.0,2.0,0.93,-0.08,-0.95,-0.52
Vicia americana,Fabaceae,0.0,1.0,3.1,0.78,1.01,-0.46,0.27
Senecio integerrimus,Asteraceae,0.0,0.0,4.3,0.66,0.40,-0.60,-0.41
Collomia linearis,Polemoniaceae,0.0,0.2,5.5,0.55,0.27,-0.69,-0.29
Tragopogon dubius,Asteraceae,0.0,0.0,1.0,0.55,0.43,-0.68,-0.45
Galium bifolium,Rubiaceae,0.0,0.0,2.6,0.51,NA,-0.58,-0.32
Artemisia tridentata,Asteraceae,0.0,0.0,3.1,0.49,0.23,-0.45,-0.31
Festuca thurberi,Poaceae,0.0,0.0,2.8,0.48,NA,-0.48,-0.29
Atriplex argentea,Chenopodiaceae,0.0,0.0,0.7,0.46,0.62,-0.49,-0.26
Elymus repens,Poaceae,0.4,10.1,5.5,0.41,1.17,-0.18,-0.34
Aphyllon fasciculatum,Scrophulariaceae,0.0,0.0,0.2,0.38,NA,-0.29,-0.22
Erigeron speciosus,Asteraceae,0.1,11.6,9.7,0.30,0.77,-0.17,-0.25
Draba albertina,Brassicaceae,0.0,0.0,0.0,0.29,0.15,-0.21,-0.15
Bromus carinatus,Poaceae,4.3,11.8,8.5,0.29,0.89,-0.22,0.22
Lithophragma glabrum,Saxifragaceae,0.0,0.0,0.1,0.29,0.45,-0.23,-0.17
Galium coloradoense,Rubiaceae,0.0,0.0,0.7,0.28,0.02,-0.23,-0.17
Linum lewisii,Linaceae,0.0,1.2,1.4,0.26,0.73,-0.17,0.54
Claytonia lanceolata,Portulacaceae,0.0,0.0,0.1,0.22,0.40,-0.23,-0.17
Campanula rotundifolia,Campanulaceae,0.0,0.0,0.1,0.19,0.40,-0.14,-0.21
Boechera stricta,Brassicaceae,0.1,0.4,0.3,0.17,0.25,-0.00,-0.01
Thalictrum fendleri,Ranunculaceae,0.2,8.0,1.1,0.17,1.09,0.15,0.76
Heliomeris multiflora,Asteraceae,0.0,19.9,2.4,0.16,1.73,0.04,1.20
Erigeron elatior,Asteraceae,0.0,0.5,0.0,0.12,0.73,0.11,NA
Veratrum californicum,Melanthiaceae,0.0,0.0,0.0,0.06,0.57,NA,NA
Polygonum douglasii,Polygonaceae,0.7,0.5,1.5,0.01,0.08,-0.44,0.00
Agoseris glauca,Asteraceae,1.9,4.1,1.7,-0.04,0.85,0.23,0.06
Osmorhiza occidentalis,Apiaceae,0.0,0.5,0.0,-0.06,NA,0.14,NA
Hydrophyllum capitatum,Hydrophyllaceae,1.1,0.0,0.9,-0.07,-0.17,0.02,-0.21
Festuca rubra,Poaceae,0.0,69.1,0.0,-0.09,0.74,0.67,2.10
Gentianella campestris,Gentianaceae,0.0,0.0,0.0,-0.14,-0.08,0.20,NA
Erigeron sp.,Asteraceae,0.2,0.5,0.1,-0.14,0.02,0.12,-0.17
Chamaenerion angustifolium,Onagraceae,0.1,0.0,0.0,-0.16,-0.12,0.22,NA
Agoseris sp.,Asteraceae,0.1,0.0,0.0,-0.18,-0.16,0.11,0.00
Gentiana parryi,Gentianaceae,0.0,0.0,0.0,-0.29,-0.08,NA,NA
Erigeron coulteri,Asteraceae,0.6,0.0,0.0,-0.30,-0.27,0.35,NA
Ranunculus inamoenus,Ranunculaceae,0.8,0.2,0.4,-0.36,-0.15,0.35,-0.21
Valeriana edulis,Valerianaceae,6.1,0.0,0.0,-0.41,-0.31,0.51,NA
Androsace septentrionalis,Primulaceae,1.4,0.5,0.4,-0.42,-0.14,0.40,-0.21
Erythronium grandiflorum,Liliaceae,1.3,1.1,0.2,-0.45,0.46,0.03,0.16
Aquilegia caerulea,Ranunculaceae,5.4,0.6,0.6,-0.48,-0.11,0.55,-0.16
Castilleja sulphurea,Scrophulariaceae,4.8,9.9,0.6,-0.51,-0.42,0.57,-0.21
Symphyotrichum ascendens,Asteraceae,1.7,0.0,0.0,-0.54,-0.38,0.56,NA
Hymenoxys hoopesii,Asteraceae,28.9,0.8,13.7,-0.54,-0.73,0.29,-0.27
Senecio crassulus,Asteraceae,7.7,24.7,1.5,-0.55,0.34,0.83,1.53
Epilobium sp.,Onagraceae,0.8,0.1,0.0,-0.64,-0.37,0.49,0.45
Geranium richardsonii,Geraniaceae,2.2,0.0,0.0,-0.66,-0.37,0.72,NA
Elymus bakeri,Poaceae,8.1,0.0,0.0,-0.68,-0.60,0.79,0.79
Rhodiola integrifolia,Crassulaceae,4.0,0.0,0.0,-0.71,-0.37,0.80,NA
Lupinus sp.,Fabaceae,10.7,0.8,0.0,-0.77,-0.55,0.81,0.08
Heterotheca pumila,Asteraceae,14.0,0.0,0.0,-0.78,-0.39,0.71,0.03
Frasera speciosa,Gentianaceae,3.9,0.0,0.0,-0.82,-0.51,0.85,0.95
Noccaea fendleri,Brassicaceae,1.6,0.0,0.2,-0.83,-0.07,0.81,0.26
Fragaria virginiana,Rosaceae,20.7,8.9,0.0,-0.98,-0.32,1.00,0.66
Ligusticum porteri,Apiaceae,27.1,14.1,0.9,-1.00,-0.17,1.16,1.06
Helianthella quinquenervis,Asteraceae,41.6,18.1,4.2,-1.00,-0.69,1.29,0.88
Poa reflexa,Poaceae,40.8,20.0,0.0,-1.57,-0.26,1.60,1.34
